{
  "_keyhash": "04562341afa14906a4efc65c83e6ee58",
  "controllers": [
    1,
    2,
    3,
    4
  ],
  "capacities": {
    "1": 1625.0,
    "2": 1687.0,
    "3": 1625.0,
    "4": 1769.0
  },
  "init_assign": {
    "1": 1,
    "2": 2,
    "3": 3,
    "4": 4,
    "5": 4,
    "6": 4,
    "7": 4,
    "8": 4,
    "9": 4,
    "10": 4,
    "11": 4,
    "12": 4,
    "13": 3,
    "14": 3,
    "15": 3,
    "16": 3,
    "17": 3,
    "18": 3,
    "19": 3,
    "20": 2,
    "21": 4,
    "22": 2,
    "23": 2,
    "24": 2,
    "25": 2
  },
  "loads": {
    "1": 185.0,
    "2": 153.0,
    "3": 218.0,
    "4": 177.0,
    "5": 202.0,
    "6": 161.0,
    "7": 157.0,
    "8": 178.0,
    "9": 161.0,
    "10": 166.0,
    "11": 243.0,
    "12": 180.0,
    "13": 166.0,
    "14": 175.0,
    "15": 197.0,
    "16": 218.0,
    "17": 166.0,
    "18": 209.0,
    "19": 154.0,
    "20": 245.0,
    "21": 130.0,
    "22": 174.0,
    "23": 152.0,
    "24": 159.0,
    "25": 167.0
  },
  "steiner": {
    "tree_edges": [
      [
        1,
        2
      ],
      [
        1,
        7
      ],
      [
        3,
        4
      ],
      [
        4,
        7
      ]
    ],
    "tree_total": 1509055.5517618367,
    "steiner_nodes": [
      7
    ],
    "const_ms": 15.090555517618368
  }
}