{
  "_keyhash": "426ba78b04649a4b8fa8d15391669a71",
  "controllers": [
    1,
    2,
    3,
    4
  ],
  "capacities": {
    "1": 1694.0,
    "2": 1694.0,
    "3": 1694.0,
    "4": 1746.0
  },
  "init_assign": {
    "1": 1,
    "2": 2,
    "3": 3,
    "4": 4,
    "5": 4,
    "6": 4,
    "7": 4,
    "8": 4,
    "9": 4,
    "10": 4,
    "11": 4,
    "12": 3,
    "13": 4,
    "14": 3,
    "15": 3,
    "16": 3,
    "17": 3,
    "18": 3,
    "19": 3,
    "20": 3,
    "21": 2,
    "22": 2,
    "23": 2,
    "24": 2,
    "25": 2
  },
  "loads": {
    "1": 195.0,
    "2": 152.0,
    "3": 227.0,
    "4": 201.0,
    "5": 203.0,
    "6": 172.0,
    "7": 188.0,
    "8": 210.0,
    "9": 165.0,
    "10": 213.0,
    "11": 217.0,
    "12": 183.0,
    "13": 176.0,
    "14": 193.0,
    "15": 195.0,
    "16": 188.0,
    "17": 160.0,
    "18": 155.0,
    "19": 206.0,
    "20": 181.0,
    "21": 146.0,
    "22": 179.0,
    "23": 170.0,
    "24": 201.0,
    "25": 207.0
  },
  "steiner": {
    "tree_edges": [
      [
        1,
        2
      ],
      [
        1,
        7
      ],
      [
        3,
        4
      ],
      [
        4,
        7
      ]
    ],
    "tree_total": 1509055.5517618367,
    "steiner_nodes": [
      7
    ],
    "const_ms": 15.090555517618368
  }
}