{
  "_keyhash": "a705ebf7b760417555e5c730e016eff4",
  "controllers": [
    1,
    2,
    3,
    4
  ],
  "capacities": {
    "1": 1687.0,
    "2": 1658.0,
    "3": 1609.0,
    "4": 1687.0
  },
  "init_assign": {
    "1": 1,
    "2": 2,
    "3": 3,
    "4": 4,
    "5": 4,
    "6": 4,
    "7": 4,
    "8": 4,
    "9": 4,
    "10": 4,
    "11": 4,
    "12": 4,
    "13": 3,
    "14": 3,
    "15": 3,
    "16": 3,
    "17": 3,
    "18": 3,
    "19": 3,
    "20": 3,
    "21": 2,
    "22": 2,
    "23": 2,
    "24": 2,
    "25": 2
  },
  "loads": {
    "1": 154.0,
    "2": 171.0,
    "3": 163.0,
    "4": 152.0,
    "5": 216.0,
    "6": 179.0,
    "7": 202.0,
    "8": 220.0,
    "9": 191.0,
    "10": 183.0,
    "11": 180.0,
    "12": 121.0,
    "13": 166.0,
    "14": 147.0,
    "15": 187.0,
    "16": 184.0,
    "17": 144.0,
    "18": 165.0,
    "19": 171.0,
    "20": 193.0,
    "21": 207.0,
    "22": 179.0,
    "23": 202.0,
    "24": 185.0,
    "25": 187.0
  },
  "steiner": {
    "tree_edges": [
      [
        1,
        2
      ],
      [
        1,
        7
      ],
      [
        3,
        4
      ],
      [
        4,
        7
      ]
    ],
    "tree_total": 1509055.5517618367,
    "steiner_nodes": [
      7
    ],
    "const_ms": 15.090555517618368
  }
}