{
  "_keyhash": "f0345d578e5f5c0f4e586e268b81301f",
  "controllers": [
    1,
    2,
    3,
    4
  ],
  "capacities": {
    "1": 1628.0,
    "2": 1628.0,
    "3": 1628.0,
    "4": 1759.0
  },
  "init_assign": {
    "1": 1,
    "2": 2,
    "3": 3,
    "4": 4,
    "5": 4,
    "6": 4,
    "7": 4,
    "8": 4,
    "9": 4,
    "10": 4,
    "11": 4,
    "12": 4,
    "13": 3,
    "14": 3,
    "15": 3,
    "16": 3,
    "17": 3,
    "18": 3,
    "19": 3,
    "20": 2,
    "21": 2,
    "22": 2,
    "23": 2,
    "24": 3,
    "25": 2
  },
  "loads": {
    "1": 184.0,
    "2": 161.0,
    "3": 234.0,
    "4": 194.0,
    "5": 186.0,
    "6": 173.0,
    "7": 191.0,
    "8": 205.0,
    "9": 175.0,
    "10": 202.0,
    "11": 184.0,
    "12": 155.0,
    "13": 183.0,
    "14": 178.0,
    "15": 175.0,
    "16": 176.0,
    "17": 208.0,
    "18": 176.0,
    "19": 159.0,
    "20": 177.0,
    "21": 212.0,
    "22": 144.0,
    "23": 150.0,
    "24": 109.0,
    "25": 209.0
  },
  "steiner": {
    "tree_edges": [
      [
        1,
        2
      ],
      [
        1,
        7
      ],
      [
        3,
        4
      ],
      [
        4,
        7
      ]
    ],
    "tree_total": 1509055.5517618367,
    "steiner_nodes": [
      7
    ],
    "const_ms": 15.090555517618368
  }
}