{
  "_keyhash": "c7543a5eff9d8585e3f7639f8cd946de",
  "controllers": [
    1,
    2,
    3,
    4
  ],
  "capacities": {
    "1": 1689.0,
    "2": 1657.0,
    "3": 1740.0,
    "4": 1657.0
  },
  "init_assign": {
    "1": 1,
    "2": 2,
    "3": 3,
    "4": 4,
    "5": 4,
    "6": 4,
    "7": 4,
    "8": 4,
    "9": 4,
    "10": 4,
    "11": 4,
    "12": 4,
    "13": 3,
    "14": 3,
    "15": 3,
    "16": 3,
    "17": 3,
    "18": 3,
    "19": 3,
    "20": 3,
    "21": 2,
    "22": 2,
    "23": 2,
    "24": 2,
    "25": 3
  },
  "loads": {
    "1": 191.0,
    "2": 194.0,
    "3": 165.0,
    "4": 143.0,
    "5": 173.0,
    "6": 202.0,
    "7": 178.0,
    "8": 217.0,
    "9": 177.0,
    "10": 140.0,
    "11": 193.0,
    "12": 207.0,
    "13": 169.0,
    "14": 206.0,
    "15": 129.0,
    "16": 206.0,
    "17": 114.0,
    "18": 170.0,
    "19": 193.0,
    "20": 226.0,
    "21": 213.0,
    "22": 198.0,
    "23": 239.0,
    "24": 177.0,
    "25": 160.0
  },
  "steiner": {
    "tree_edges": [
      [
        1,
        2
      ],
      [
        1,
        7
      ],
      [
        3,
        4
      ],
      [
        4,
        7
      ]
    ],
    "tree_total": 1509055.5517618367,
    "steiner_nodes": [
      7
    ],
    "const_ms": 15.090555517618368
  }
}