{
  "_keyhash": "15745a3b566797461a5c3b027f313b15",
  "controllers": [
    1,
    2,
    3,
    4,
    5,
    6,
    7,
    8
  ],
  "capacities": {
    "1": 1634.0,
    "2": 1605.0,
    "3": 1551.0,
    "4": 1634.0,
    "5": 1699.0,
    "6": 1699.0,
    "7": 1699.0,
    "8": 1672.0
  },
  "init_assign": {
    "1": 1,
    "2": 2,
    "3": 3,
    "4": 4,
    "5": 5,
    "6": 6,
    "7": 7,
    "8": 8,
    "9": 8,
    "10": 8,
    "11": 8,
    "12": 8,
    "13": 8,
    "14": 8,
    "15": 8,
    "16": 8,
    "17": 7,
    "18": 7,
    "19": 7,
    "20": 7,
    "21": 7,
    "22": 7,
    "23": 7,
    "24": 7,
    "25": 6,
    "26": 6,
    "27": 6,
    "28": 6,
    "29": 6,
    "30": 6,
    "31": 6,
    "32": 6,
    "33": 5,
    "34": 5,
    "35": 5,
    "36": 5,
    "37": 5,
    "38": 5,
    "39": 5,
    "40": 5,
    "41": 4,
    "42": 4,
    "43": 4,
    "44": 4,
    "45": 4,
    "46": 4,
    "47": 4,
    "48": 4
  },
  "loads": {
    "1": 154.0,
    "2": 171.0,
    "3": 163.0,
    "4": 152.0,
    "5": 216.0,
    "6": 179.0,
    "7": 202.0,
    "8": 220.0,
    "9": 191.0,
    "10": 183.0,
    "11": 180.0,
    "12": 121.0,
    "13": 166.0,
    "14": 147.0,
    "15": 187.0,
    "16": 184.0,
    "17": 144.0,
    "18": 165.0,
    "19": 171.0,
    "20": 193.0,
    "21": 207.0,
    "22": 179.0,
    "23": 202.0,
    "24": 185.0,
    "25": 187.0,
    "26": 154.0,
    "27": 169.0,
    "28": 190.0,
    "29": 162.0,
    "30": 194.0,
    "31": 156.0,
    "32": 211.0,
    "33": 195.0,
    "34": 149.0,
    "35": 140.0,
    "36": 154.0,
    "37": 277.0,
    "38": 178.0,
    "39": 185.0,
    "40": 199.0,
    "41": 182.0,
    "42": 161.0,
    "43": 162.0,
    "44": 138.0,
    "45": 192.0,
    "46": 193.0,
    "47": 194.0,
    "48": 190.0
  },
  "steiner": {
    "tree_edges": [
      [
        1,
        3
      ],
      [
        2,
        3
      ],
      [
        2,
        7
      ],
      [
        3,
        4
      ],
      [
        5,
        6
      ],
      [
        5,
        8
      ],
      [
        7,
        8
      ]
    ],
    "tree_total": 5483360.942891599,
    "steiner_nodes": [],
    "const_ms": 54.83360942891599
  }
}