{
  "_keyhash": "b386f794180abbde22ca7c6909809240",
  "controllers": [
    1,
    2,
    3,
    4,
    5
  ],
  "capacities": {
    "1": 1705.0,
    "2": 1762.0,
    "3": 1705.0,
    "4": 1869.0,
    "5": 1705.0
  },
  "init_assign": {
    "1": 1,
    "2": 2,
    "3": 3,
    "4": 4,
    "5": 5,
    "6": 5,
    "7": 5,
    "8": 5,
    "9": 5,
    "10": 5,
    "11": 5,
    "12": 5,
    "13": 5,
    "14": 4,
    "15": 4,
    "16": 4,
    "17": 4,
    "18": 4,
    "19": 4,
    "20": 4,
    "21": 4,
    "22": 4,
    "23": 3,
    "24": 3,
    "25": 3,
    "26": 3,
    "27": 3,
    "28": 3,
    "29": 3,
    "30": 3,
    "31": 2,
    "32": 2,
    "33": 2
  },
  "loads": {
    "1": 185.0,
    "2": 153.0,
    "3": 218.0,
    "4": 177.0,
    "5": 202.0,
    "6": 161.0,
    "7": 157.0,
    "8": 178.0,
    "9": 161.0,
    "10": 166.0,
    "11": 243.0,
    "12": 180.0,
    "13": 166.0,
    "14": 175.0,
    "15": 197.0,
    "16": 218.0,
    "17": 166.0,
    "18": 209.0,
    "19": 154.0,
    "20": 245.0,
    "21": 130.0,
    "22": 174.0,
    "23": 152.0,
    "24": 159.0,
    "25": 167.0,
    "26": 160.0,
    "27": 180.0,
    "28": 197.0,
    "29": 122.0,
    "30": 219.0,
    "31": 183.0,
    "32": 171.0,
    "33": 166.0
  },
  "steiner": {
    "tree_edges": [
      [
        1,
        2
      ],
      [
        1,
        4
      ],
      [
        2,
        7
      ],
      [
        3,
        4
      ],
      [
        5,
        8
      ],
      [
        7,
        8
      ]
    ],
    "tree_total": 2511509.341769623,
    "steiner_nodes": [
      7,
      8
    ],
    "const_ms": 25.115093417696233
  }
}