{
  "_keyhash": "1f04b4f65a5590125c9c9861600281ce",
  "controllers": [
    1,
    2,
    3,
    4,
    5
  ],
  "capacities": {
    "1": 1791.0,
    "2": 1771.0,
    "3": 1842.0,
    "4": 1771.0,
    "5": 1771.0
  },
  "init_assign": {
    "1": 1,
    "2": 2,
    "3": 3,
    "4": 4,
    "5": 5,
    "6": 5,
    "7": 5,
    "8": 5,
    "9": 5,
    "10": 5,
    "11": 5,
    "12": 5,
    "13": 5,
    "14": 4,
    "15": 4,
    "16": 4,
    "17": 5,
    "18": 4,
    "19": 4,
    "20": 4,
    "21": 4,
    "22": 4,
    "23": 3,
    "24": 3,
    "25": 3,
    "26": 3,
    "27": 3,
    "28": 3,
    "29": 3,
    "30": 3,
    "31": 2,
    "32": 2,
    "33": 2
  },
  "loads": {
    "1": 191.0,
    "2": 194.0,
    "3": 165.0,
    "4": 143.0,
    "5": 173.0,
    "6": 202.0,
    "7": 178.0,
    "8": 217.0,
    "9": 177.0,
    "10": 140.0,
    "11": 193.0,
    "12": 207.0,
    "13": 169.0,
    "14": 206.0,
    "15": 129.0,
    "16": 206.0,
    "17": 114.0,
    "18": 170.0,
    "19": 193.0,
    "20": 226.0,
    "21": 213.0,
    "22": 198.0,
    "23": 239.0,
    "24": 177.0,
    "25": 160.0,
    "26": 160.0,
    "27": 193.0,
    "28": 197.0,
    "29": 203.0,
    "30": 222.0,
    "31": 146.0,
    "32": 188.0,
    "33": 231.0
  },
  "steiner": {
    "tree_edges": [
      [
        1,
        2
      ],
      [
        1,
        4
      ],
      [
        2,
        7
      ],
      [
        3,
        4
      ],
      [
        5,
        8
      ],
      [
        7,
        8
      ]
    ],
    "tree_total": 2511509.341769623,
    "steiner_nodes": [
      7,
      8
    ],
    "const_ms": 25.115093417696233
  }
}