{
  "_keyhash": "9731173f43fbf81f024854f3f8a25c35",
  "controllers": [
    1,
    2,
    3,
    4,
    5
  ],
  "capacities": {
    "1": 1770.0,
    "2": 1741.0,
    "3": 1702.0,
    "4": 1770.0,
    "5": 1837.0
  },
  "init_assign": {
    "1": 1,
    "2": 2,
    "3": 3,
    "4": 4,
    "5": 5,
    "6": 5,
    "7": 5,
    "8": 5,
    "9": 5,
    "10": 5,
    "11": 5,
    "12": 5,
    "13": 5,
    "14": 5,
    "15": 4,
    "16": 4,
    "17": 4,
    "18": 4,
    "19": 4,
    "20": 4,
    "21": 4,
    "22": 4,
    "23": 3,
    "24": 4,
    "25": 3,
    "26": 3,
    "27": 3,
    "28": 3,
    "29": 3,
    "30": 3,
    "31": 3,
    "32": 2,
    "33": 2
  },
  "loads": {
    "1": 154.0,
    "2": 171.0,
    "3": 163.0,
    "4": 152.0,
    "5": 216.0,
    "6": 179.0,
    "7": 202.0,
    "8": 220.0,
    "9": 191.0,
    "10": 183.0,
    "11": 180.0,
    "12": 121.0,
    "13": 166.0,
    "14": 147.0,
    "15": 187.0,
    "16": 184.0,
    "17": 144.0,
    "18": 165.0,
    "19": 171.0,
    "20": 193.0,
    "21": 207.0,
    "22": 179.0,
    "23": 202.0,
    "24": 185.0,
    "25": 187.0,
    "26": 154.0,
    "27": 169.0,
    "28": 190.0,
    "29": 162.0,
    "30": 194.0,
    "31": 156.0,
    "32": 211.0,
    "33": 195.0
  },
  "steiner": {
    "tree_edges": [
      [
        1,
        2
      ],
      [
        1,
        4
      ],
      [
        2,
        7
      ],
      [
        3,
        4
      ],
      [
        5,
        8
      ],
      [
        7,
        8
      ]
    ],
    "tree_total": 2511509.341769623,
    "steiner_nodes": [
      7,
      8
    ],
    "const_ms": 25.115093417696233
  }
}