{
  "_keyhash": "f3dcac1202d160f51a41f9801516516c",
  "controllers": [
    1,
    2,
    3,
    4,
    5,
    6
  ],
  "capacities": {
    "1": 1671.0,
    "2": 1642.0,
    "3": 1592.0,
    "4": 1671.0,
    "5": 1738.0,
    "6": 1738.0
  },
  "init_assign": {
    "1": 1,
    "2": 2,
    "3": 3,
    "4": 4,
    "5": 5,
    "6": 6,
    "7": 6,
    "8": 6,
    "9": 6,
    "10": 6,
    "11": 6,
    "12": 6,
    "13": 6,
    "14": 6,
    "15": 5,
    "16": 5,
    "17": 6,
    "18": 5,
    "19": 5,
    "20": 5,
    "21": 5,
    "22": 5,
    "23": 5,
    "24": 4,
    "25": 4,
    "26": 4,
    "27": 4,
    "28": 4,
    "29": 4,
    "30": 4,
    "31": 4,
    "32": 3,
    "33": 3,
    "34": 3,
    "35": 3,
    "36": 3,
    "37": 3
  },
  "loads": {
    "1": 154.0,
    "2": 171.0,
    "3": 163.0,
    "4": 152.0,
    "5": 216.0,
    "6": 179.0,
    "7": 202.0,
    "8": 220.0,
    "9": 191.0,
    "10": 183.0,
    "11": 180.0,
    "12": 121.0,
    "13": 166.0,
    "14": 147.0,
    "15": 187.0,
    "16": 184.0,
    "17": 144.0,
    "18": 165.0,
    "19": 171.0,
    "20": 193.0,
    "21": 207.0,
    "22": 179.0,
    "23": 202.0,
    "24": 185.0,
    "25": 187.0,
    "26": 154.0,
    "27": 169.0,
    "28": 190.0,
    "29": 162.0,
    "30": 194.0,
    "31": 156.0,
    "32": 211.0,
    "33": 195.0,
    "34": 149.0,
    "35": 140.0,
    "36": 154.0,
    "37": 277.0
  },
  "steiner": {
    "tree_edges": [
      [
        1,
        2
      ],
      [
        1,
        3
      ],
      [
        1,
        5
      ],
      [
        4,
        6
      ],
      [
        5,
        6
      ]
    ],
    "tree_total": 1885480.223412917,
    "steiner_nodes": [],
    "const_ms": 18.85480223412917
  }
}