{
  "_keyhash": "1d5529d474229efd40b112839cc90dc0",
  "controllers": [
    1,
    2,
    3,
    4,
    5,
    6,
    7
  ],
  "capacities": {
    "1": 1726.0,
    "2": 1697.0,
    "3": 1653.0,
    "4": 1726.0,
    "5": 1793.0,
    "6": 1793.0,
    "7": 1793.0
  },
  "init_assign": {
    "1": 1,
    "2": 2,
    "3": 3,
    "4": 4,
    "5": 5,
    "6": 6,
    "7": 7,
    "8": 7,
    "9": 7,
    "10": 7,
    "11": 7,
    "12": 7,
    "13": 7,
    "14": 7,
    "15": 7,
    "16": 7,
    "17": 6,
    "18": 6,
    "19": 6,
    "20": 6,
    "21": 6,
    "22": 6,
    "23": 6,
    "24": 6,
    "25": 5,
    "26": 6,
    "27": 5,
    "28": 5,
    "29": 5,
    "30": 5,
    "31": 5,
    "32": 5,
    "33": 5,
    "34": 4,
    "35": 4,
    "36": 4,
    "37": 4,
    "38": 4,
    "39": 4,
    "40": 4,
    "41": 4,
    "42": 3,
    "43": 3,
    "44": 3,
    "45": 3
  },
  "loads": {
    "1": 154.0,
    "2": 171.0,
    "3": 163.0,
    "4": 152.0,
    "5": 216.0,
    "6": 179.0,
    "7": 202.0,
    "8": 220.0,
    "9": 191.0,
    "10": 183.0,
    "11": 180.0,
    "12": 121.0,
    "13": 166.0,
    "14": 147.0,
    "15": 187.0,
    "16": 184.0,
    "17": 144.0,
    "18": 165.0,
    "19": 171.0,
    "20": 193.0,
    "21": 207.0,
    "22": 179.0,
    "23": 202.0,
    "24": 185.0,
    "25": 187.0,
    "26": 154.0,
    "27": 169.0,
    "28": 190.0,
    "29": 162.0,
    "30": 194.0,
    "31": 156.0,
    "32": 211.0,
    "33": 195.0,
    "34": 149.0,
    "35": 140.0,
    "36": 154.0,
    "37": 277.0,
    "38": 178.0,
    "39": 185.0,
    "40": 199.0,
    "41": 182.0,
    "42": 161.0,
    "43": 162.0,
    "44": 138.0,
    "45": 192.0
  },
  "steiner": {
    "tree_edges": [
      [
        1,
        2
      ],
      [
        1,
        4
      ],
      [
        2,
        7
      ],
      [
        3,
        4
      ],
      [
        5,
        6
      ],
      [
        6,
        7
      ]
    ],
    "tree_total": 249668.08928851236,
    "steiner_nodes": [],
    "const_ms": 2.4966808928851236
  }
}