{
  "_keyhash": "1328334c219b630635f8a10031938bd1",
  "controllers": [
    1,
    2,
    3,
    4,
    5,
    6
  ],
  "capacities": {
    "1": 1529.0,
    "2": 1517.0,
    "3": 1454.0,
    "4": 1529.0,
    "5": 1575.0,
    "6": 1575.0
  },
  "init_assign": {
    "1": 1,
    "2": 2,
    "3": 3,
    "4": 4,
    "5": 5,
    "6": 6,
    "7": 6,
    "8": 6,
    "9": 6,
    "10": 6,
    "11": 6,
    "12": 6,
    "13": 6,
    "14": 5,
    "15": 5,
    "16": 5,
    "17": 5,
    "18": 5,
    "19": 5,
    "20": 5,
    "21": 4,
    "22": 4,
    "23": 4,
    "24": 4,
    "25": 4,
    "26": 5,
    "27": 4,
    "28": 4,
    "29": 3,
    "30": 3,
    "31": 3,
    "32": 3,
    "33": 3,
    "34": 3
  },
  "loads": {
    "1": 154.0,
    "2": 171.0,
    "3": 163.0,
    "4": 152.0,
    "5": 216.0,
    "6": 179.0,
    "7": 202.0,
    "8": 220.0,
    "9": 191.0,
    "10": 183.0,
    "11": 180.0,
    "12": 121.0,
    "13": 166.0,
    "14": 147.0,
    "15": 187.0,
    "16": 184.0,
    "17": 144.0,
    "18": 165.0,
    "19": 171.0,
    "20": 193.0,
    "21": 207.0,
    "22": 179.0,
    "23": 202.0,
    "24": 185.0,
    "25": 187.0,
    "26": 154.0,
    "27": 169.0,
    "28": 190.0,
    "29": 162.0,
    "30": 194.0,
    "31": 156.0,
    "32": 211.0,
    "33": 195.0,
    "34": 149.0
  },
  "steiner": {
    "tree_edges": [
      [
        1,
        2
      ],
      [
        1,
        24
      ],
      [
        3,
        4
      ],
      [
        3,
        32
      ],
      [
        5,
        8
      ],
      [
        6,
        19
      ],
      [
        6,
        25
      ],
      [
        8,
        24
      ],
      [
        17,
        19
      ],
      [
        17,
        24
      ],
      [
        25,
        32
      ]
    ],
    "tree_total": 4700683.2134723095,
    "steiner_nodes": [
      8,
      17,
      19,
      24,
      25,
      32
    ],
    "const_ms": 47.0068321347231
  }
}